{"cameraMode":{"drawMode":0,"name":"Shaded","section":"Shading Mode"},"sceneLighting":true,"audioPlay":false,"sceneViewState":{"m_AlwaysRefresh":false,"showFog":true,"showSkybox":true,"showFlares":true,"showImageEffects":true,"showParticleSystems":true,"showVisualEffectGraphs":true,"m_FxEnabled":true},"in2DMode":false,"pivot":{"x":12.582653045654297,"y":22.991220474243165,"z":-11.594547271728516},"rotation":{"x":-0.05952322110533714,"y":0.6600321531295776,"z":-0.05257952958345413,"w":-0.7471168041229248},"size":17.50772476196289,"orthographic":false}