{"cameraMode":{"drawMode":0,"name":"Shaded","section":"Shading Mode"},"sceneLighting":true,"audioPlay":false,"sceneViewState":{"m_AlwaysRefresh":false,"showFog":true,"showSkybox":true,"showFlares":true,"showImageEffects":true,"showParticleSystems":true,"showVisualEffectGraphs":true,"m_FxEnabled":true},"in2DMode":false,"pivot":{"x":0.7797535061836243,"y":2.1411619186401369,"z":-1.0229744911193848},"rotation":{"x":-0.010366254486143589,"y":0.16334454715251923,"z":-0.0016664030263200403,"w":-0.9864853620529175},"size":1.5003280639648438,"orthographic":false}