{"cameraMode":{"drawMode":0,"name":"Shaded","section":"Shading Mode"},"sceneLighting":true,"audioPlay":false,"sceneViewState":{"m_AlwaysRefresh":false,"showFog":true,"showSkybox":true,"showFlares":true,"showImageEffects":true,"showParticleSystems":true,"showVisualEffectGraphs":true,"m_FxEnabled":true},"in2DMode":false,"pivot":{"x":-2.7440860271453859,"y":-3.238680124282837,"z":4.1804585456848148},"rotation":{"x":0.3917449712753296,"y":-0.34076714515686037,"z":0.15897825360298158,"w":0.8397384285926819},"size":17.115543365478517,"orthographic":false}