{"cameraMode":{"drawMode":0,"name":"Shaded","section":"Shading Mode"},"sceneLighting":true,"audioPlay":false,"sceneViewState":{"m_AlwaysRefresh":false,"showFog":true,"showSkybox":true,"showFlares":true,"showImageEffects":true,"showParticleSystems":true,"showVisualEffectGraphs":true,"m_FxEnabled":true},"in2DMode":false,"pivot":{"x":-0.1701192855834961,"y":1.6684155464172364,"z":-1.418264627456665},"rotation":{"x":0.07062438875436783,"y":0.273212194442749,"z":-0.020117297768592836,"w":0.9591454863548279},"size":0.8660253882408142,"orthographic":false}