{"cameraMode":{"drawMode":0,"name":"Shaded","section":"Shading Mode"},"sceneLighting":true,"audioPlay":false,"sceneViewState":{"m_AlwaysRefresh":false,"showFog":true,"showSkybox":true,"showFlares":true,"showImageEffects":true,"showParticleSystems":true,"showVisualEffectGraphs":true,"m_FxEnabled":true},"in2DMode":false,"pivot":{"x":-6.770656585693359,"y":-10.08871841430664,"z":19.155214309692384},"rotation":{"x":0.23475536704063416,"y":-0.15234807133674622,"z":0.037294112145900729,"w":0.959302544593811},"size":14.142537117004395,"orthographic":false}