{"cameraMode":{"drawMode":0,"name":"Shaded","section":"Shading Mode"},"sceneLighting":true,"audioPlay":false,"sceneViewState":{"m_AlwaysRefresh":false,"showFog":true,"showSkybox":true,"showFlares":true,"showImageEffects":true,"showParticleSystems":true,"showVisualEffectGraphs":true,"m_FxEnabled":true},"in2DMode":false,"pivot":{"x":3.9235520362854006,"y":0.14699403941631318,"z":4.608144283294678},"rotation":{"x":0.12813258171081544,"y":0.30980339646339419,"z":-0.04217825084924698,"w":0.9411783814430237},"size":11.14255428314209,"orthographic":false}