{"cameraMode":{"drawMode":0,"name":"Shaded","section":"Shading Mode"},"sceneLighting":false,"audioPlay":false,"sceneViewState":{"m_AlwaysRefresh":false,"showFog":true,"showSkybox":false,"showFlares":true,"showImageEffects":true,"showParticleSystems":true,"showVisualEffectGraphs":true,"m_FxEnabled":true},"in2DMode":false,"pivot":{"x":0.11216945946216583,"y":1.7501912117004395,"z":-0.09454911947250366},"rotation":{"x":0.13567498326301576,"y":-0.31086865067481997,"z":0.04488632455468178,"w":0.9396498799324036},"size":1.2247449159622193,"orthographic":false}