{"cameraMode":{"drawMode":0,"name":"Shaded","section":"Shading Mode"},"sceneLighting":false,"audioPlay":false,"sceneViewState":{"m_AlwaysRefresh":false,"showFog":false,"showSkybox":false,"showFlares":false,"showImageEffects":false,"showParticleSystems":false,"showVisualEffectGraphs":true,"m_FxEnabled":true},"in2DMode":false,"pivot":{"x":0.0004259943962097168,"y":0.9518814086914063,"z":0.03477969765663147},"rotation":{"x":-0.10915976017713547,"y":0.8051520586013794,"z":-0.15651726722717286,"w":-0.5615383982658386},"size":1.4407676458358765,"orthographic":false}