{"cameraMode":{"drawMode":0,"name":"Shaded","section":"Shading Mode"},"sceneLighting":false,"audioPlay":false,"sceneViewState":{"m_AlwaysRefresh":false,"showFog":true,"showSkybox":false,"showFlares":true,"showImageEffects":true,"showParticleSystems":true,"showVisualEffectGraphs":true,"m_FxEnabled":true},"in2DMode":false,"pivot":{"x":0.1613728404045105,"y":1.4878098964691163,"z":0.38184458017349245},"rotation":{"x":-0.05386622995138168,"y":0.9423823356628418,"z":-0.1861293911933899,"w":-0.27272510528564455},"size":0.450541615486145,"orthographic":false}