{"cameraMode":{"drawMode":0,"name":"Shaded","section":"Shading Mode"},"sceneLighting":false,"audioPlay":false,"sceneViewState":{"m_AlwaysRefresh":false,"showFog":true,"showSkybox":false,"showFlares":true,"showImageEffects":true,"showParticleSystems":true,"showVisualEffectGraphs":true,"m_FxEnabled":true},"in2DMode":false,"pivot":{"x":-0.07196465134620667,"y":1.0518790483474732,"z":-2.007721424102783},"rotation":{"x":0.0006003287271596491,"y":0.998310923576355,"z":0.01048373430967331,"w":-0.05756751820445061},"size":1.7660253047943116,"orthographic":false}