{"cameraMode":{"drawMode":0,"name":"Shaded","section":"Shading Mode"},"sceneLighting":false,"audioPlay":false,"sceneViewState":{"m_AlwaysRefresh":false,"showFog":true,"showSkybox":false,"showFlares":true,"showImageEffects":true,"showParticleSystems":true,"showVisualEffectGraphs":true,"m_FxEnabled":true},"in2DMode":false,"pivot":{"x":-0.9225872755050659,"y":1.8219239711761475,"z":-1.0269973278045655},"rotation":{"x":-0.053595881909132007,"y":0.903495728969574,"z":-0.11858003586530686,"w":-0.4083626866340637},"size":1.0264713764190674,"orthographic":false}